Business Name,Phone Number,Email,Address,Category,Location,VConnect Link
Blog,N/A,N/A,N/A,real-estate,ikeja,https://vcon.com.ng/blog/
E-commerce Website Store Set up,07061837436,N/A,N/A,real-estate,ikeja,https://vcon.com.ng/e-commerce-website-store-set-up/
Create a Professional Business Website with Vconnect,08133139104,N/A,N/A,real-estate,ikeja,https://vcon.com.ng/create-a-professional-business-website-with-vconnect/
Affordable Website Hosting,07018218632,N/A,"House 10, Freedom Estate, OKota, Lagos

Get Directions",real-estate,ikeja,https://vcon.com.ng/listing/affordable-website-hosting/
ELMISKIN COMPUTERS Maiduguri,+2348024192865,N/A,N/A,real-estate,ikeja,https://vcon.com.ng/listing/elmiskin-computers-maiduguri/
Nebitex Cyber Hub Africa,07018218632,N/A,"Nigerua

Get Directions",real-estate,ikeja,https://vcon.com.ng/listing/nebitex-cyber-hub-africa/
EnsureTech Web Hosting's Premier Web Service Offerings in Lagos,09058265285,N/A,"115 Kudirat Abiola Way, Opebi, Lagos, Nigeria

Get Directions",real-estate,ikeja,https://vcon.com.ng/listing/ensuretech-web-hostings-premier-web-service-offerings-in-lagos/
Computer service,N/A,N/A,N/A,real-estate,ikeja,https://vcon.com.ng/category/computer-service/
Get Married to a Canadian Woman And Travel To Canada,N/A,N/A,N/A,real-estate,ikeja,https://vcon.com.ng/get-married-to-a-canadian-woman-and-travel-to-canada/
Top 20 Best Universities In Nigeria â€“ New List,N/A,N/A,N/A,real-estate,ikeja,https://vcon.com.ng/top-20-best-universities-in-nigeria-new-list/
Bet9ja Head Office,+2347061837436,N/A,N/A,real-estate,ikeja,https://vcon.com.ng/listing/bet9ja-head-office/
Electric Car Vehicle Oil and electric dual-use Scooter Off road Model Four-Wheel Car,N/A,N/A,N/A,real-estate,ikeja,https://vcon.com.ng/product/electric-car-vehicle-oil-and-electric-dual-use-scooter-off-road-model-four-wheel-car/
Report Online Scams on Vconnect,N/A,N/A,N/A,real-estate,ikeja,https://vcon.com.ng/report-online-scams-on-vconnect/
Category: Business Resources,N/A,N/A,N/A,real-estate,ikeja,https://vcon.com.ng/post-category/business-resources/
Category: Website Package,N/A,N/A,N/A,real-estate,ikeja,https://vcon.com.ng/post-category/website-package/
Category: Study Abroad,N/A,N/A,N/A,real-estate,ikeja,https://vcon.com.ng/post-category/study-abroad/
Restaurants,N/A,N/A,N/A,real-estate-agents,ikeja,https://vcon.com.ng/category/restaurants/
Cinemas,N/A,N/A,N/A,real-estate-agents,ikeja,https://vcon.com.ng/category/cinemas/
Contact Us,+2348133139104,N/A,N/A,real-estate-agents,ikeja,https://vcon.com.ng/contact-us/